{
  "homography": [
    [
      0.0766777312450762,
      -0.0022335403651481465,
      -14.58679984985473
    ],
    [
      0.0012920840189346488,
      0.08562015501379304,
      -6.905689930595554
    ],
    [
      -2.0045451997595784e-05,
      -1.5588808325887996e-05,
      1.0
    ]
  ],
  "tags_used": 9,
  "rms_error": 1.2135338131423683e-06,
  "camera_matrix": [
    [
      6440.666289178197,
      0.0,
      959.5015048999167
    ],
    [
      0.0,
      5789.159334758025,
      539.500100373382
    ],
    [
      0.0,
      0.0,
      1.0
    ]
  ],
  "dist_coeffs": [
    -2.3496271524494708e-05,
    0.002730448933857879,
    9.180684339073486e-08,
    1.560976571213819e-07,
    -0.07883947434748073
  ],
  "field_width_cm": 109.0,
  "field_height_cm": 79.5,
  "detection_fps": 10,
  "camera": "hd-usb-camera"
}