{
  "homography": [
    [
      0.11301313604805908,
      0.05869930276259556,
      -46.60120693364076
    ],
    [
      0.003945667367518571,
      0.35817024657661395,
      -124.99965640682967
    ],
    [
      8.566031026101965e-05,
      0.0009853312440629655,
      1.0
    ]
  ],
  "tags_used": 5,
  "rms_error": 1.2004706589839577e-07,
  "playfield": {
    "width": 109.0,
    "height": 79.5
  },
  "detection_fps": 10,
  "camera": "global-shutter-camera"
}