{
  "homography": [
    [
      0.13867349994623818,
      -0.0025769187564899155,
      -87.95805383167638
    ],
    [
      -0.002775625959449477,
      -0.13899611030713077,
      52.85482978304213
    ],
    [
      -2.980110354155722e-05,
      2.0422726549223215e-05,
      1.0
    ]
  ],
  "tags_used": 11,
  "rms_error": 0.13335729561856952,
  "camera_matrix": [
    [
      1756.0017156046847,
      0.0,
      676.7527168196681
    ],
    [
      0.0,
      1751.3748307648227,
      336.4441685192133
    ],
    [
      0.0,
      0.0,
      1.0
    ]
  ],
  "dist_coeffs": [
    1.3179045087249828,
    -17.30174104047558,
    0.002901128154068041,
    -0.0015030282763333464,
    68.09341876853755
  ],
  "playfield": {
    "width": 134.3,
    "height": 89.3
  },
  "corner_pixels": [
    [
      139.75,
      50.88750076293945
    ],
    [
      1114.175048828125,
      39.75
    ],
    [
      143.5,
      713.1062622070312
    ],
    [
      1132.612548828125,
      682.25
    ]
  ],
  "static_markers": {
    "corner:UL": {
      "pixel": [
        139.75,
        50.88750076293945
      ],
      "world": [
        -67.0,
        44.65
      ]
    },
    "corner:UR": {
      "pixel": [
        1114.175048828125,
        39.75
      ],
      "world": [
        67.0,
        44.65
      ]
    },
    "corner:LR": {
      "pixel": [
        143.5,
        713.1062622070312
      ],
      "world": [
        -67.0,
        -44.65
      ]
    },
    "corner:LL": {
      "pixel": [
        1132.612548828125,
        682.25
      ],
      "world": [
        67.0,
        -44.65
      ]
    },
    "apriltag:1": {
      "pixel": [
        641.3375244140625,
        368.9125061035156
      ],
      "world": [
        0.028133509283902507,
        -0.2050609615512845
      ]
    }
  },
  "calibrated_playfield": "main-playfield",
  "calibrated_camera": "arducam-ov9782-usb-camera",
  "camera": "arducam-ov9782-usb-camera",
  "detection_fps": 10
}