{
  "homography": [
    [
      0.10888962868228169,
      -0.0009356403147894558,
      -15.586772635260347
    ],
    [
      0.0014805426910849573,
      0.12149665454556552,
      -6.455617624251832
    ],
    [
      -2.6546662395409925e-05,
      2.446390027288038e-05,
      1.0
    ]
  ],
  "tags_used": 10,
  "rms_error": 0.04531066456909127,
  "camera_matrix": [
    [
      3558.981047412027,
      0.0,
      989.2287248278896
    ],
    [
      0.0,
      3273.465495732087,
      232.57710772021525
    ],
    [
      0.0,
      0.0,
      1.0
    ]
  ],
  "dist_coeffs": [
    -0.44211133692131305,
    9.403817276427326,
    0.005933667099846411,
    -0.017466429963030192,
    -71.95643111748217
  ],
  "playfield": {
    "width": 109.0,
    "height": 79.5
  },
  "corner_pixels": [
    [
      140.0833282470703,
      53.0
    ],
    [
      636.25,
      46.03333282470703
    ],
    [
      1115.175048828125,
      40.20833206176758
    ],
    [
      1125.4083251953125,
      359.48333740234375
    ],
    [
      1134.4583740234375,
      682.625
    ],
    [
      648.75,
      699.6583251953125
    ],
    [
      145.60833740234375,
      715.4833374023438
    ],
    [
      142.1826934814453,
      380.81732177734375
    ]
  ],
  "static_markers": {
    "corner:UL": {
      "pixel": [
        140.0833282470703,
        53.0
      ],
      "world": [
        0.0,
        0.0
      ]
    },
    "corner:UR": {
      "pixel": [
        636.25,
        46.03333282470703
      ],
      "world": [
        54.5,
        0.0
      ]
    },
    "corner:LR": {
      "pixel": [
        1115.175048828125,
        40.20833206176758
      ],
      "world": [
        109.0,
        0.0
      ]
    },
    "corner:LL": {
      "pixel": [
        1125.4083251953125,
        359.48333740234375
      ],
      "world": [
        109.0,
        39.75
      ]
    },
    "apriltag:1": {
      "pixel": [
        642.5416870117188,
        370.25
      ],
      "world": [
        54.468658541273264,
        39.7981979146729
      ]
    }
  },
  "detection_fps": 10,
  "camera": "arducam-ov9782-usb-camera"
}