{
  "homography": [
    [
      0.13507700062080513,
      -0.0024510582020565315,
      -85.47082899414146
    ],
    [
      -0.00289430464300822,
      -0.13549482368224694,
      51.83396432846769
    ],
    [
      -2.951558372843939e-05,
      2.3909203900045832e-05,
      1.0
    ]
  ],
  "tags_used": 5,
  "rms_error": 5.357075795572447e-10,
  "playfield": {
    "width": 134.3,
    "height": 89.3
  },
  "corner_pixels": [
    [
      139.10000610351562,
      51.0
    ],
    [
      1113.6583251953125,
      39.75
    ],
    [
      143.3249969482422,
      713.25
    ],
    [
      1132.6583251953125,
      682.25
    ]
  ],
  "static_markers": {
    "corner:UL": {
      "pixel": [
        139.10000610351562,
        51.0
      ],
      "world": [
        -67.0,
        44.65
      ]
    },
    "corner:UR": {
      "pixel": [
        1113.6583251953125,
        39.75
      ],
      "world": [
        67.0,
        44.65
      ]
    },
    "corner:LR": {
      "pixel": [
        143.3249969482422,
        713.25
      ],
      "world": [
        -67.0,
        -44.65
      ]
    },
    "corner:LL": {
      "pixel": [
        1132.6583251953125,
        682.25
      ],
      "world": [
        67.0,
        -44.65
      ]
    },
    "apriltag:1": {
      "pixel": [
        641.0333251953125,
        369.0
      ],
      "world": [
        0.21576821705835317,
        -0.019164866085413543
      ]
    }
  },
  "calibrated_playfield": "main-playfield",
  "calibrated_camera": "arducam-ov9782-usb-camera",
  "camera": "arducam-ov9782-usb-camera",
  "detection_fps": 10
}