{
  "device_name": "Arducam OV9782 USB Camera",
  "resolution": [
    1280,
    800
  ],
  "homography": [
    [
      0.10859868017645545,
      -0.0008698605044700326,
      -15.731882467198213
    ],
    [
      0.001444202148281551,
      0.12087264904779196,
      -6.348784048010299
    ],
    [
      -3.0501348624576085e-05,
      2.400875905299798e-05,
      1.0
    ]
  ],
  "tags_used": 9,
  "rms_error": 0.03023577669178747,
  "camera_matrix": [
    [
      3184.286840223158,
      0.0,
      1150.6471950485038
    ],
    [
      0.0,
      2964.1208973154644,
      318.87510732141567
    ],
    [
      0.0,
      0.0,
      1.0
    ]
  ],
  "dist_coeffs": [
    -0.4607643867448018,
    4.014218814073144,
    0.002429905940080653,
    -0.02913066893936215,
    -15.916576428871583
  ],
  "playfield": {
    "width": 109.0,
    "height": 79.5
  },
  "corner_pixels": [
    [
      140.14999389648438,
      53.13333511352539
    ],
    [
      636.25,
      46.04999923706055
    ],
    [
      1115.0833740234375,
      40.21666717529297
    ],
    [
      1125.4583740234375,
      359.5
    ],
    [
      1134.4166259765625,
      682.75
    ],
    [
      648.75,
      699.75
    ],
    [
      145.36666870117188,
      715.5
    ],
    [
      142.01666259765625,
      381.1333312988281
    ]
  ],
  "static_markers": {
    "corner:UL": {
      "pixel": [
        140.14999389648438,
        53.13333511352539
      ],
      "world": [
        0.0,
        0.0
      ]
    },
    "corner:UR": {
      "pixel": [
        636.25,
        46.04999923706055
      ],
      "world": [
        54.5,
        0.0
      ]
    },
    "corner:LR": {
      "pixel": [
        1115.0833740234375,
        40.21666717529297
      ],
      "world": [
        109.0,
        0.0
      ]
    },
    "corner:LL": {
      "pixel": [
        1125.4583740234375,
        359.5
      ],
      "world": [
        109.0,
        39.75
      ]
    },
    "apriltag:1": {
      "pixel": [
        642.5,
        370.5
      ],
      "world": [
        54.30161512364861,
        39.78824093671987
      ]
    }
  },
  "static_marker_ids": [
    "aruco_corners",
    "apriltag:1"
  ],
  "detection_fps": 10,
  "camera_position": {
    "x_offset": 0.0,
    "y_offset": 0.0,
    "height": 127.0
  },
  "settings": {
    "program": "uvc-util",
    "controls": {
      "auto-exposure-mode": "0",
      "auto-exposure-priority": "0",
      "auto-white-balance-temp": "false",
      "exposure-time-abs": "7",
      "gain": "1"
    }
  }
}